[
  {
    "id": "/subscriptions/506e880f-5e83-4417-9cbe-271dad3c1704/resourceGroups/DevOpsDemo/providers/Microsoft.Resources/deployments/CreateVm-canonical.0001-com-ubuntu-server-focal-2-20230612082123/operations/37B499343DA8E948",
    "operationId": "37B499343DA8E948",
    "properties": {
      "provisioningOperation": "Create",
      "provisioningState": "Succeeded",
      "timestamp": "2023-06-12T02:55:32.7930292Z",
      "duration": "PT41.1536387S",
      "trackingId": "02157fbc-2d54-4d73-9e9b-cb3e90a85d90",
      "statusCode": "OK",
      "targetResource": {
        "id": "/subscriptions/506e880f-5e83-4417-9cbe-271dad3c1704/resourceGroups/DevOpsDemo/providers/Microsoft.Compute/virtualMachines/devops-server-uat",
        "resourceType": "Microsoft.Compute/virtualMachines",
        "resourceName": "devops-server-uat"
      }
    }
  },
  {
    "id": "/subscriptions/506e880f-5e83-4417-9cbe-271dad3c1704/resourceGroups/DevOpsDemo/providers/Microsoft.Resources/deployments/CreateVm-canonical.0001-com-ubuntu-server-focal-2-20230612082123/operations/EB314264336BBF2C",
    "operationId": "EB314264336BBF2C",
    "properties": {
      "provisioningOperation": "Create",
      "provisioningState": "Succeeded",
      "timestamp": "2023-06-12T02:54:55.1531716Z",
      "duration": "PT3.5137811S",
      "trackingId": "5ae56887-8927-4ed4-82f5-401cfd1835e1",
      "statusCode": "Created",
      "targetResource": {
        "id": "/subscriptions/506e880f-5e83-4417-9cbe-271dad3c1704/resourceGroups/DevOpsDemo/providers/Microsoft.Network/networkInterfaces/devops-server-uat778_z1",
        "resourceType": "Microsoft.Network/networkInterfaces",
        "resourceName": "devops-server-uat778_z1"
      }
    }
  },
  {
    "id": "/subscriptions/506e880f-5e83-4417-9cbe-271dad3c1704/resourceGroups/DevOpsDemo/providers/Microsoft.Resources/deployments/CreateVm-canonical.0001-com-ubuntu-server-focal-2-20230612082123/operations/ACA192C48D62A8AE",
    "operationId": "ACA192C48D62A8AE",
    "properties": {
      "provisioningOperation": "Create",
      "provisioningState": "Succeeded",
      "timestamp": "2023-06-12T02:54:51.6018422Z",
      "duration": "PT8.445018S",
      "trackingId": "d4081606-18a1-45a3-9858-23003de26035",
      "statusCode": "OK",
      "targetResource": {
        "id": "/subscriptions/506e880f-5e83-4417-9cbe-271dad3c1704/resourceGroups/DevOpsDemo/providers/Microsoft.Network/virtualNetworks/devops-server-uat-vnet",
        "resourceType": "Microsoft.Network/virtualNetworks",
        "resourceName": "devops-server-uat-vnet"
      }
    }
  },
  {
    "id": "/subscriptions/506e880f-5e83-4417-9cbe-271dad3c1704/resourceGroups/DevOpsDemo/providers/Microsoft.Resources/deployments/CreateVm-canonical.0001-com-ubuntu-server-focal-2-20230612082123/operations/85E4E66D34073617",
    "operationId": "85E4E66D34073617",
    "properties": {
      "provisioningOperation": "Create",
      "provisioningState": "Succeeded",
      "timestamp": "2023-06-12T02:54:51.4460106Z",
      "duration": "PT8.2891864S",
      "trackingId": "0e601c3d-e959-48ba-b9f3-3b5342a3aa20",
      "statusCode": "OK",
      "targetResource": {
        "id": "/subscriptions/506e880f-5e83-4417-9cbe-271dad3c1704/resourceGroups/DevOpsDemo/providers/Microsoft.Network/networkSecurityGroups/devops-server-uat-nsg",
        "resourceType": "Microsoft.Network/networkSecurityGroups",
        "resourceName": "devops-server-uat-nsg"
      }
    }
  },
  {
    "id": "/subscriptions/506e880f-5e83-4417-9cbe-271dad3c1704/resourceGroups/DevOpsDemo/providers/Microsoft.Resources/deployments/CreateVm-canonical.0001-com-ubuntu-server-focal-2-20230612082123/operations/E6D0193514A33035",
    "operationId": "E6D0193514A33035",
    "properties": {
      "provisioningOperation": "Create",
      "provisioningState": "Succeeded",
      "timestamp": "2023-06-12T02:54:50.2735143Z",
      "duration": "PT7.1166901S",
      "trackingId": "b4b005ec-f74a-416a-ae4d-8c8bb71d1743",
      "statusCode": "OK",
      "targetResource": {
        "id": "/subscriptions/506e880f-5e83-4417-9cbe-271dad3c1704/resourceGroups/DevOpsDemo/providers/Microsoft.Network/publicIpAddresses/devops-server-uat-ip",
        "resourceType": "Microsoft.Network/publicIpAddresses",
        "resourceName": "devops-server-uat-ip"
      }
    }
  },
  {
    "id": "/subscriptions/506e880f-5e83-4417-9cbe-271dad3c1704/resourceGroups/DevOpsDemo/providers/Microsoft.Resources/deployments/CreateVm-canonical.0001-com-ubuntu-server-focal-2-20230612082123/operations/08585150684061118623",
    "operationId": "08585150684061118623",
    "properties": {
      "provisioningOperation": "EvaluateDeploymentOutput",
      "provisioningState": "Succeeded",
      "timestamp": "2023-06-12T02:55:32.9239359Z",
      "duration": "PT41.2845454S",
      "trackingId": "38719f40-cd80-42f6-b465-6e811749f5b8",
      "statusCode": "OK"
    }
  }
]