{
  "id": "/subscriptions/506e880f-5e83-4417-9cbe-271dad3c1704/resourceGroups/DevOpsDemo/providers/Microsoft.Resources/deployments/CreateVm-canonical.0001-com-ubuntu-server-focal-2-20230612082123",
  "name": "CreateVm-canonical.0001-com-ubuntu-server-focal-2-20230612082123",
  "type": "Microsoft.Resources/deployments",
  "tags": {
    "primaryResourceId": "/subscriptions/506e880f-5e83-4417-9cbe-271dad3c1704/resourcegroups/DevOpsDemo/providers/Microsoft.Compute/virtualMachines/devops-server-uat",
    "marketplaceItemId": "Microsoft.VirtualMachine-ARM",
    "provisioningHash": "SolutionProvider"
  },
  "properties": {
    "templateHash": "9419684523079840051",
    "parameters": {
      "location": {
        "type": "String",
        "value": "eastasia"
      },
      "networkInterfaceName1": {
        "type": "String",
        "value": "devops-server-uat778_z1"
      },
      "networkSecurityGroupName": {
        "type": "String",
        "value": "devops-server-uat-nsg"
      },
      "networkSecurityGroupRules": {
        "type": "Array",
        "value": [
          {
            "name": "SSH",
            "properties": {
              "priority": 300,
              "protocol": "TCP",
              "access": "Allow",
              "direction": "Inbound",
              "sourceAddressPrefix": "*",
              "sourcePortRange": "*",
              "destinationAddressPrefix": "*",
              "destinationPortRange": "22"
            }
          }
        ]
      },
      "subnetName": {
        "type": "String",
        "value": "default"
      },
      "virtualNetworkName": {
        "type": "String",
        "value": "devops-server-uat-vnet"
      },
      "addressPrefixes": {
        "type": "Array",
        "value": [
          "10.0.0.0/16"
        ]
      },
      "subnets": {
        "type": "Array",
        "value": [
          {
            "name": "default",
            "properties": {
              "addressPrefix": "10.0.0.0/24"
            }
          }
        ]
      },
      "publicIpAddressName1": {
        "type": "String",
        "value": "devops-server-uat-ip"
      },
      "publicIpAddressType": {
        "type": "String",
        "value": "Static"
      },
      "publicIpAddressSku": {
        "type": "String",
        "value": "Standard"
      },
      "pipDeleteOption": {
        "type": "String",
        "value": "Detach"
      },
      "virtualMachineName": {
        "type": "String",
        "value": "devops-server-uat"
      },
      "virtualMachineName1": {
        "type": "String",
        "value": "devops-server-uat"
      },
      "virtualMachineComputerName1": {
        "type": "String",
        "value": "devops-server-uat"
      },
      "virtualMachineRG": {
        "type": "String",
        "value": "DevOpsDemo"
      },
      "osDiskType": {
        "type": "String",
        "value": "Premium_LRS"
      },
      "osDiskDeleteOption": {
        "type": "String",
        "value": "Delete"
      },
      "virtualMachineSize": {
        "type": "String",
        "value": "Standard_B1s"
      },
      "nicDeleteOption": {
        "type": "String",
        "value": "Detach"
      },
      "adminUsername": {
        "type": "String",
        "value": "chandansutradhar2"
      },
      "adminPassword": {
        "type": "SecureString"
      },
      "securityType": {
        "type": "String",
        "value": "TrustedLaunch"
      },
      "secureBoot": {
        "type": "Bool",
        "value": true
      },
      "vTPM": {
        "type": "Bool",
        "value": true
      },
      "virtualMachine1Zone": {
        "type": "String",
        "value": "1"
      }
    },
    "mode": "Incremental",
    "debugSetting": {
      "detailLevel": "None"
    },
    "provisioningState": "Succeeded",
    "timestamp": "2023-06-12T02:55:32.9389157Z",
    "duration": "PT52.29653S",
    "correlationId": "6c306ba9-815f-49d6-983c-10d88153bc63",
    "providers": [
      {
        "namespace": "Microsoft.Network",
        "resourceTypes": [
          {
            "resourceType": "networkInterfaces",
            "locations": [
              "eastasia"
            ]
          },
          {
            "resourceType": "networkSecurityGroups",
            "locations": [
              "eastasia"
            ]
          },
          {
            "resourceType": "virtualNetworks",
            "locations": [
              "eastasia"
            ]
          },
          {
            "resourceType": "publicIpAddresses",
            "locations": [
              "eastasia"
            ]
          }
        ]
      },
      {
        "namespace": "Microsoft.Compute",
        "resourceTypes": [
          {
            "resourceType": "virtualMachines",
            "locations": [
              "eastasia"
            ]
          }
        ]
      }
    ],
    "dependencies": [
      {
        "dependsOn": [
          {
            "id": "/subscriptions/506e880f-5e83-4417-9cbe-271dad3c1704/resourceGroups/DevOpsDemo/providers/Microsoft.Network/networkSecurityGroups/devops-server-uat-nsg",
            "resourceType": "Microsoft.Network/networkSecurityGroups",
            "resourceName": "devops-server-uat-nsg"
          },
          {
            "id": "/subscriptions/506e880f-5e83-4417-9cbe-271dad3c1704/resourceGroups/DevOpsDemo/providers/Microsoft.Network/virtualNetworks/devops-server-uat-vnet",
            "resourceType": "Microsoft.Network/virtualNetworks",
            "resourceName": "devops-server-uat-vnet"
          },
          {
            "id": "/subscriptions/506e880f-5e83-4417-9cbe-271dad3c1704/resourceGroups/DevOpsDemo/providers/Microsoft.Network/publicIpAddresses/devops-server-uat-ip",
            "resourceType": "Microsoft.Network/publicIpAddresses",
            "resourceName": "devops-server-uat-ip"
          }
        ],
        "id": "/subscriptions/506e880f-5e83-4417-9cbe-271dad3c1704/resourceGroups/DevOpsDemo/providers/Microsoft.Network/networkInterfaces/devops-server-uat778_z1",
        "resourceType": "Microsoft.Network/networkInterfaces",
        "resourceName": "devops-server-uat778_z1"
      },
      {
        "dependsOn": [
          {
            "id": "/subscriptions/506e880f-5e83-4417-9cbe-271dad3c1704/resourceGroups/DevOpsDemo/providers/Microsoft.Network/networkInterfaces/devops-server-uat778_z1",
            "resourceType": "Microsoft.Network/networkInterfaces",
            "resourceName": "devops-server-uat778_z1"
          }
        ],
        "id": "/subscriptions/506e880f-5e83-4417-9cbe-271dad3c1704/resourceGroups/DevOpsDemo/providers/Microsoft.Compute/virtualMachines/devops-server-uat",
        "resourceType": "Microsoft.Compute/virtualMachines",
        "resourceName": "devops-server-uat"
      }
    ],
    "outputs": {
      "adminUsername": {
        "type": "String",
        "value": "chandansutradhar2"
      }
    },
    "outputResources": [
      {
        "id": "/subscriptions/506e880f-5e83-4417-9cbe-271dad3c1704/resourceGroups/DevOpsDemo/providers/Microsoft.Compute/virtualMachines/devops-server-uat"
      },
      {
        "id": "/subscriptions/506e880f-5e83-4417-9cbe-271dad3c1704/resourceGroups/DevOpsDemo/providers/Microsoft.Network/networkInterfaces/devops-server-uat778_z1"
      },
      {
        "id": "/subscriptions/506e880f-5e83-4417-9cbe-271dad3c1704/resourceGroups/DevOpsDemo/providers/Microsoft.Network/networkSecurityGroups/devops-server-uat-nsg"
      },
      {
        "id": "/subscriptions/506e880f-5e83-4417-9cbe-271dad3c1704/resourceGroups/DevOpsDemo/providers/Microsoft.Network/publicIpAddresses/devops-server-uat-ip"
      },
      {
        "id": "/subscriptions/506e880f-5e83-4417-9cbe-271dad3c1704/resourceGroups/DevOpsDemo/providers/Microsoft.Network/virtualNetworks/devops-server-uat-vnet"
      }
    ],
    "validationLevel": "Template"
  }
}